Jogador,MINS,PTS,FGA,FTA,DR,OR,AST,TO,STL,BLK,PF,FPG,FPM,Contract,Duration
Nikola Jokic,36.35,27.52,18.78,5.70,8.39,3.09,8.48,3.61,1.61,0.65,3.04,36.10,0.99," $25,000,000","3 anos
36.10FPG "
Luka Doncic,35.17,27.79,20.96,8.04,7.79,0.92,9.29,4.21,1.04,0.63,1.96,32.30,0.92," $5,000,000","2 anos
32.30FPG "
Joel Embiid,32.37,29.32,16.79,11.26,8.95,1.74,2.68,3.32,1.32,1.21,2.37,32.15,0.99," $18,000,000","2 anos
32.15FPG "
Giannis Antetokounmpo,32.96,27.26,18.04,9.74,9.39,1.70,5.57,3.65,0.96,1.26,3.04,31.67,0.96," $25,000,000","1 anos
31.67FPG "
Karl Anthony Towns,33.00,22.00,15.75,6.25,8.50,4.00,4.25,2.50,0.50,2.75,2.75,31.10,0.94," $18,000,000","3 anos
31.10FPG "
James Harden,38.11,24.11,15.84,7.26,6.00,0.79,11.21,4.11,1.00,0.58,2.37,30.61,0.80," $25,000,000","2 anos
30.61FPG "
LeBron James,34.56,25.56,18.84,5.76,7.32,0.60,7.92,3.68,1.04,0.52,1.56,30.46,0.88," $25,000,000","4 anos
30.46FPG "
Kevin Durant,36.11,29.50,18.89,7.83,7.06,0.39,5.17,3.50,0.78,1.39,2.39,30.31,0.84," $25,000,000","4 anos
30.31FPG "
Damian Lillard,36.15,28.95,19.55,7.35,4.20,0.45,7.30,3.05,1.05,0.25,1.35,29.31,0.81," $25,000,000","3 anos
29.31FPG "
Kawhi Leonard,34.62,26.00,18.62,6.10,4.90,0.86,5.10,1.76,1.76,0.62,1.57,28.71,0.83," $25,000,000","3 anos
28.71FPG "
Nikola Vucevic,33.25,23.13,19.42,2.17,9.13,2.25,3.42,1.67,1.04,0.54,1.75,28.63,0.86," $18,500,000","3 anos
28.63FPG "
Stephen Curry,34.08,29.54,20.13,5.50,4.96,0.50,6.08,3.25,1.21,0.08,2.04,28.58,0.84," $23,500,000","1 anos
28.58FPG "
Bradley Beal,35.50,33.17,24.94,8.67,3.56,1.61,4.72,3.11,1.39,0.61,2.72,28.12,0.79," $25,000,000","4 anos
28.12FPG "
Anthony Davis,33.90,22.24,16.43,5.71,6.57,2.00,3.24,2.00,1.43,1.90,1.90,27.67,0.82," $25,000,000","3 anos
27.67FPG "
Jayson Tatum,35.76,27.00,21.82,3.94,6.53,0.53,4.12,2.53,1.35,0.53,1.65,27.24,0.76," $4,000,000","1 anos
27.24FPG "
Julius Randle,36.92,22.72,16.68,6.44,9.52,1.48,5.96,3.28,0.76,0.20,3.28,26.78,0.73," $11,000,000","2 anos
26.78FPG "
Kyrie Irving,35.81,27.50,19.69,3.88,4.00,0.81,5.69,2.56,0.94,0.81,2.88,26.69,0.75," $22,000,000","3 anos
26.69FPG "
Domantas Sabonis,36.42,21.00,15.04,5.54,8.92,2.75,5.50,3.38,0.79,0.42,3.42,26.50,0.73," $18,000,000","4 anos
26.50FPG "
CJ McCollum,34.15,26.69,20.00,3.46,3.38,0.54,5.00,1.00,1.31,0.31,2.15,26.48,0.78," $17,500,000","2 anos
26.48FPG "
Trae Young,34.67,26.67,17.81,10.48,3.29,0.76,9.19,4.29,0.71,0.29,2.14,26.18,0.76," $4,000,000","2 anos
26.18FPG "
Christian Wood,31.59,22.00,15.71,3.76,8.41,1.82,1.29,1.82,0.94,1.53,1.88,26.16,0.83," $1,500,000","1 anos
26.16FPG "
Jimmy Butler,31.27,18.18,12.91,7.82,5.00,1.82,6.55,1.82,2.00,0.45,0.91,26.01,0.83," $25,000,000","3 anos
26.01FPG "
Andre Drummond,30.09,18.48,15.87,5.48,10.00,4.22,2.65,3.30,1.65,1.26,2.78,26.00,0.86," $19,500,000","4 anos
26.00FPG "
Bam Adebayo,33.48,20.19,12.86,6.00,7.43,1.81,5.19,2.86,0.86,1.00,2.52,25.68,0.77," $3,500,000","1 anos
25.68FPG "
Paul George,34.30,24.35,16.55,4.20,5.55,0.65,5.45,3.60,1.20,0.45,2.25,25.63,0.75," $22,000,000","2 anos
25.63FPG "
Clint Capela,29.90,13.70,10.90,3.15,9.75,4.80,1.10,1.35,0.75,2.35,2.20,25.60,0.86," $20,000,000","3 anos
25.60FPG "
Rudy Gobert,29.75,13.25,8.50,5.42,9.88,3.71,1.29,1.63,0.42,2.71,2.21,25.12,0.84," $21,000,000","2 anos
25.12FPG "
Zach LaVine,35.57,27.39,18.96,5.57,4.52,0.65,5.30,3.83,1.17,0.48,2.74,24.70,0.69," $16,500,000","3 anos
24.70FPG "
Shai Gilgeous-Alexander,33.71,22.57,15.71,6.24,4.90,0.67,6.52,2.95,0.86,0.67,2.05,24.38,0.72," $3,500,000","2 anos
24.38FPG "
Brandon Ingram,35.14,23.86,17.82,5.45,4.91,0.64,4.68,2.45,0.59,1.09,1.55,24.26,0.69," $17,000,000","4 anos
24.26FPG "
DeMar DeRozan,34.18,20.55,13.91,7.00,4.45,0.73,6.77,1.68,0.77,0.36,1.86,24.23,0.71," $20,000,000","4 anos
24.23FPG "
Jaylen Brown,33.60,26.35,19.55,4.65,4.40,1.10,3.55,2.45,1.30,0.65,2.85,24.19,0.72," $18,000,000","4 anos
24.19FPG "
Khris Middleton,32.46,20.79,14.54,3.33,5.25,0.83,6.04,2.33,1.04,0.08,2.50,23.83,0.73," $13,500,000","3 anos
23.83FPG "
Fred VanVleet,36.63,20.71,16.79,3.83,3.54,0.79,6.42,1.92,1.83,0.71,2.17,23.54,0.64," $4,000,000","3 anos
23.54FPG "
Zion Williamson,32.76,23.71,15.43,7.48,4.57,2.62,2.71,2.52,0.95,0.81,2.62,23.50,0.72," $5,500,000","3 anos
23.50FPG "
Russell Westbrook,33.50,20.25,18.17,5.75,7.42,1.42,8.92,4.92,0.92,0.33,2.92,23.30,0.70," $25,000,000","1 anos
23.30FPG "
Malcolm Brogdon,36.13,21.67,18.25,3.04,3.42,0.58,6.67,1.96,1.33,0.25,1.92,23.06,0.64," $16,000,000","4 anos
23.06FPG "
Gordon Hayward,36.27,23.00,16.95,4.45,4.64,0.82,3.91,2.05,1.23,0.50,2.00,23.03,0.63," $20,000,000","1 anos
23.03FPG "
Ben Simmons,33.10,13.52,9.52,4.81,6.81,1.48,7.95,3.57,1.76,0.86,3.38,22.62,0.68," $18,000,000","4 anos
22.62FPG "
Tobias Harris,34.00,20.19,15.38,2.86,6.05,1.33,3.00,2.33,0.86,0.90,2.05,22.53,0.66," $19,000,000","3 anos
22.53FPG "
Jerami Grant,36.22,23.96,17.70,6.43,4.52,1.00,2.96,1.39,0.83,1.17,2.78,22.29,0.62," $8,000,000","4 anos
22.29FPG "
Pascal Siakam,35.95,20.24,16.48,4.90,5.52,2.29,4.62,2.33,1.14,0.62,3.19,22.29,0.62," $12,500,000","3 anos
22.29FPG "
Jrue Holiday,32.65,16.39,13.00,1.87,3.52,1.26,5.39,1.52,1.91,0.61,1.74,21.76,0.67," $17,000,000","1 anos
21.76FPG "
Kristaps Porzingis,30.36,20.00,16.79,2.93,6.50,2.14,1.50,1.29,0.29,1.79,3.00,21.53,0.71," $18,000,000","3 anos
21.53FPG "
Donovan Mitchell,33.55,23.50,18.82,4.45,3.27,1.05,4.91,3.14,0.82,0.32,2.05,21.45,0.64," $2,500,000","1 anos
21.45FPG "
De'Aaron Fox,33.09,22.96,17.30,6.52,2.57,0.70,6.52,3.22,1.22,0.52,2.65,21.30,0.64," $5,000,000","1 anos
21.30FPG "
Deandre Ayton,32.74,14.00,10.65,2.43,8.96,3.83,1.96,2.17,0.30,1.13,3.35,21.27,0.65," $5,500,000","2 anos
21.27FPG "
Harrison Barnes,35.91,17.09,11.48,4.48,5.35,1.13,3.48,1.43,0.74,0.22,1.04,20.72,0.58," $9,000,000","4 anos
20.72FPG "
Chris Paul,32.73,16.36,13.00,3.00,4.00,0.59,8.18,2.45,1.23,0.23,2.82,20.70,0.63," $14,000,000","4 anos
20.70FPG "
Caris LeVert,28.42,18.50,16.67,2.83,3.50,0.83,6.00,2.17,1.08,0.50,1.67,20.27,0.71," $10,000,000","1 anos
20.27FPG "
Dejounte Murray,31.13,14.96,13.71,2.17,6.50,0.67,5.13,1.75,1.63,0.08,2.21,20.07,0.64," $8,500,000","4 anos
20.07FPG "
John Wall,30.29,18.79,15.21,4.07,3.07,0.64,6.00,3.14,0.93,0.79,1.29,20.01,0.66," $6,500,000","3 anos
20.01FPG "
Victor Oladipo,32.74,19.79,18.05,3.74,5.05,0.21,4.74,2.26,1.37,0.42,2.47,19.62,0.60," $19,500,000","2 anos
19.62FPG "
Jonas Valanciunas,26.87,15.47,10.33,4.60,7.67,2.93,1.80,2.27,0.67,1.07,3.67,19.54,0.73," $13,000,000","4 anos
19.54FPG "
Mike Conley,29.52,16.48,12.65,2.83,2.65,1.00,5.83,2.00,1.39,0.09,1.83,19.43,0.66," $9,000,000","3 anos
19.43FPG "
John Collins,31.65,17.83,12.83,2.74,5.70,2.09,1.65,1.39,0.48,1.04,3.35,19.17,0.61," $1,500,000","1 anos
19.17FPG "
Malik Beasley,32.04,20.54,16.79,2.58,4.21,0.96,2.50,1.46,0.75,0.21,1.46,19.03,0.59," $6,000,000","4 anos
19.03FPG "
Ja Morant,29.64,18.55,14.36,5.36,1.64,0.55,7.36,2.91,1.09,0.36,1.64,18.97,0.64," $5,000,000","3 anos
18.97FPG "
Kyle Lowry,35.05,16.95,13.19,3.38,4.81,0.90,6.67,2.95,1.05,0.14,3.24,18.95,0.54," $10,500,000","4 anos
18.95FPG "
Jarrett Allen,26.17,11.54,6.04,4.38,6.04,2.79,1.54,1.38,0.46,1.71,1.71,18.72,0.72," $3,000,000","1 anos
18.72FPG "
Myles Turner,31.77,13.73,9.64,3.18,5.50,1.27,1.09,1.55,1.23,3.64,3.50,18.55,0.58," $13,500,000","3 anos
18.55FPG "
Enes Kanter,23.76,11.29,8.00,2.33,6.71,3.95,1.05,1.24,0.52,0.95,2.24,18.54,0.78," $15,000,000","2 anos
18.54FPG "
Al Horford,27.80,13.73,12.47,0.67,6.13,0.87,3.00,1.33,0.93,0.93,1.73,18.15,0.65," $7,000,000","4 anos
18.15FPG "
LaMelo Ball,26.61,13.74,11.48,2.65,4.35,1.48,6.04,2.52,1.48,0.35,2.61,18.10,0.68," $5,000,000","4 anos
18.10FPG "
Collin Sexton,35.15,23.60,17.80,5.35,1.85,0.60,4.10,2.50,0.95,0.20,2.85,18.09,0.51," $3,500,000","2 anos
18.09FPG "
Devin Booker,35.42,23.47,17.84,5.11,3.42,0.16,4.26,3.89,0.95,0.37,3.21,18.00,0.51," $18,000,000","3 anos
18.00FPG "
Jamal Murray,35.19,18.57,15.86,3.14,3.19,0.71,4.43,2.00,1.05,0.29,2.29,17.80,0.51," $18,000,000","4 anos
17.80FPG "
Terry Rozier,33.14,18.38,14.38,2.62,3.38,0.57,2.90,1.67,1.38,0.43,1.95,17.65,0.53," $5,000,000","4 anos
17.65FPG "
Mikal Bridges,34.00,14.43,10.43,2.61,4.04,1.48,2.26,0.70,0.61,1.09,2.00,17.64,0.52," $3,500,000","2 anos
17.64FPG "
De'Andre Hunter,32.28,17.22,11.78,4.06,4.50,0.89,2.22,1.39,0.94,0.50,2.61,17.36,0.54," $3,500,000","3 anos
17.36FPG "
Aaron Gordon,29.37,13.79,11.21,4.21,5.47,1.74,4.16,2.79,0.74,0.84,2.00,17.35,0.59," $16,500,000","3 anos
17.35FPG "
Tyler Herro,33.63,17.13,14.31,2.75,5.63,0.38,3.88,2.75,0.44,0.31,1.63,17.34,0.52," $2,500,000","3 anos
17.34FPG "
Tyrese Haliburton,29.38,11.86,9.19,0.71,2.67,1.00,5.43,1.52,1.19,0.62,1.24,17.34,0.59," $4,000,000","4 anos
17.34FPG "
Richaun Holmes,30.82,13.00,8.36,2.45,5.59,2.55,1.86,1.45,0.68,1.77,4.18,17.29,0.56," $3,500,000","3 anos
17.29FPG "
Chris Boucher,23.46,13.79,9.17,3.21,4.50,2.04,1.04,0.67,0.50,1.92,2.67,17.19,0.73," $1,000,000","1 anos
17.19FPG "
Lauri Markkanen,30.64,19.14,13.21,3.21,5.50,0.57,0.86,1.71,0.57,0.36,2.21,17.11,0.56," $4,000,000","1 anos
17.11FPG "
Kyle Anderson,28.63,12.68,10.68,2.42,5.58,1.00,3.79,1.63,0.74,0.74,1.79,17.08,0.60," $4,000,000","3 anos
17.08FPG "
D 'Angelo Russell,29.35,19.25,16.30,3.20,2.15,0.45,5.05,2.75,1.10,0.50,1.95,16.83,0.57," $18,000,000","3 anos
16.83FPG "
Andrew Wiggins,32.04,17.63,14.42,3.38,3.71,1.04,2.21,1.50,0.54,1.33,2.50,16.80,0.52," $13,000,000","3 anos
16.80FPG "
Michael Porter Jr.,26.77,14.62,10.85,1.69,5.08,1.38,0.92,1.15,1.08,1.00,2.15,16.78,0.63," $3,500,000","2 anos
16.78FPG "
RJ Barrett,35.24,17.20,15.12,4.08,5.12,1.24,3.08,1.96,0.72,0.20,2.44,16.74,0.48," $5,000,000","3 anos
16.74FPG "
Jordan Clarkson,25.67,17.54,14.04,1.50,3.42,0.96,1.75,1.83,0.88,0.29,1.46,16.65,0.65," $5,000,000","4 anos
16.65FPG "
Keldon Johnson,30.29,14.17,11.13,3.75,5.33,1.83,2.13,1.50,0.83,0.54,2.42,16.64,0.55," $2,000,000","3 anos
16.64FPG "
Steven Adams,30.33,8.62,6.24,2.57,5.29,4.38,2.43,1.90,0.90,0.57,1.95,16.56,0.55," $14,500,000","2 anos
16.56FPG "
Brandon Clarke,28.76,13.29,11.88,1.88,4.06,1.71,1.65,0.65,1.24,0.71,1.53,16.30,0.57," $4,000,000","3 anos
16.30FPG "
Devonte' Graham,33.70,14.22,12.70,3.09,2.43,0.57,5.87,1.39,1.09,0.00,1.57,16.17,0.48," $12,000,000","4 anos
16.17FPG "
Marcus Smart,32.41,13.06,11.06,3.65,2.35,0.41,6.06,1.76,1.82,0.53,2.29,16.12,0.50," $6,000,000","2 anos
16.12FPG "
Montrezl Harrell,24.92,13.24,8.48,3.20,4.12,2.28,1.00,1.20,0.76,0.68,2.16,16.00,0.64," $15,000,000","4 anos
16.00FPG "
OG Anunoby,35.18,14.65,10.41,2.76,4.24,1.59,1.59,1.76,2.06,0.53,2.88,15.98,0.45," $2,000,000","1 anos
15.98FPG "
P.J. Washington,29.29,12.24,10.14,3.00,5.00,1.86,2.95,2.05,1.00,1.33,2.76,15.93,0.54," $3,000,000","3 anos
15.93FPG "
Wendell Carter Jr.,27.07,12.79,8.71,4.43,5.64,2.36,2.43,1.93,0.64,0.64,3.07,15.83,0.58," $4,000,000","2 anos
15.83FPG "
Serge Ibaka,24.88,11.83,9.29,1.54,4.88,1.92,1.71,1.33,0.21,1.33,2.00,15.71,0.63," $15,000,000","1 anos
15.71FPG "
Larry Nance Jr.,33.74,9.26,7.63,1.11,5.37,1.42,3.21,1.47,1.95,0.53,2.16,15.68,0.46," $8,000,000","4 anos
15.68FPG "
Bobby Portis,21.75,11.04,8.63,1.04,5.42,2.00,1.13,0.79,0.83,0.50,1.96,15.59,0.72," $6,000,000","3 anos
15.59FPG "
Eric Gordon,28.83,18.39,13.11,4.11,2.11,0.33,2.28,1.89,0.61,0.50,1.28,15.48,0.54," $3,000,000","3 anos
15.48FPG "
Lonzo Ball,30.58,13.42,12.11,0.84,3.84,0.47,4.63,2.11,1.37,0.58,2.47,15.47,0.51," $5,000,000","1 anos
15.47FPG "
Cody Zeller,24.90,8.90,8.10,2.30,5.30,2.90,2.70,0.60,0.70,0.70,2.40,15.44,0.62," $4,000,000","1 anos
15.44FPG "
Evan Fournier,28.93,17.79,12.71,5.36,2.21,0.29,3.64,2.07,1.00,0.43,2.29,15.39,0.53," $5,000,000","4 anos
15.39FPG "
Tim Hardaway Jr.,31.60,17.44,13.88,2.48,3.36,0.24,1.72,0.92,0.72,0.20,1.60,15.32,0.48," $6,000,000","1 anos
15.32FPG "
Thaddeus Young,25.74,11.26,8.74,1.42,3.05,2.21,4.37,1.95,1.37,0.53,2.74,15.28,0.59," $4,000,000","2 anos
15.28FPG "
Delon Wright,28.17,9.35,7.70,2.30,3.48,1.04,4.70,1.17,1.48,0.52,1.13,15.26,0.54," $3,000,000","3 anos
15.26FPG "
Kemba Walker,27.44,15.89,15.56,2.78,2.78,0.67,4.00,1.78,1.22,0.22,1.33,15.22,0.55," $22,500,000","3 anos
15.22FPG "
Coby White,33.70,14.87,13.48,2.26,4.39,0.39,5.35,2.48,0.43,0.13,2.43,15.08,0.45," $4,500,000","3 anos
15.08FPG "
Buddy Hield,35.26,15.91,14.09,1.83,4.43,0.30,2.96,1.87,0.96,0.35,2.65,14.90,0.42," $15,000,000","4 anos
14.90FPG "
Thomas Bryant,27.50,14.30,9.10,2.40,4.30,1.80,1.50,1.10,0.40,0.80,3.10,14.90,0.54," $2,500,000","2 anos
14.90FPG "
LaMarcus Aldridge,26.78,14.11,12.50,1.17,3.50,0.83,1.94,0.89,0.39,0.89,1.50,14.88,0.56," $16,000,000","2 anos
14.88FPG "
Otto Porter Jr.,23.24,11.76,9.06,2.18,5.24,1.24,2.00,1.00,0.59,0.18,1.53,14.87,0.64," $5,000,000","3 anos
14.87FPG "
Mitchell Robinson,29.28,8.64,5.92,1.68,4.56,3.60,0.44,0.80,1.12,1.60,2.88,14.84,0.51," $10,000,000","4 anos
14.84FPG "
Darius Bazley,30.65,12.00,11.13,2.26,7.00,0.61,1.57,1.87,0.43,0.74,1.13,14.71,0.48, $0,"1 anos
14.71FPG "
Mason Plumlee,27.39,9.70,6.61,2.74,5.65,3.04,3.00,2.13,0.96,0.61,3.52,14.70,0.54," $4,000,000","2 anos
14.70FPG "
Darius Garland,32.65,16.06,14.24,1.65,1.88,0.53,5.53,2.59,0.94,0.18,2.29,14.68,0.45," $4,000,000","3 anos
14.68FPG "
Jusuf Nurkic,23.83,9.83,8.58,2.25,5.75,1.92,2.75,1.92,0.92,0.92,2.75,14.63,0.61," $14,000,000","2 anos
14.63FPG "
Bojan Bogdanovic,30.92,15.92,12.25,3.17,3.33,0.54,2.13,1.42,0.33,0.04,1.58,14.60,0.47," $7,000,000","3 anos
14.60FPG "
Dennis Schroder,31.64,14.44,11.72,3.84,3.08,0.64,4.44,2.08,0.84,0.16,2.64,14.52,0.46," $12,000,000","2 anos
14.52FPG "
Tyus Jones,24.68,8.68,8.47,0.58,2.26,0.53,5.58,0.95,1.32,0.16,0.47,14.43,0.58," $2,000,000","3 anos
14.43FPG "
Joe Harris,31.84,15.04,10.80,0.60,2.96,0.68,2.04,0.84,0.52,0.24,2.44,14.31,0.45," $1,000,000","1 anos
14.31FPG "
Nicolas Batum,29.83,10.21,7.08,1.08,3.75,1.00,2.42,0.75,1.25,0.29,1.88,14.28,0.48," $1,000,000","4 anos
14.28FPG "
Jeremy Lamb,25.09,12.91,8.27,2.64,3.09,1.09,1.55,0.91,1.00,0.73,2.00,14.05,0.56," $2,000,000","4 anos
14.05FPG "
Eric Bledsoe,29.81,13.71,11.38,2.05,3.14,0.52,3.71,1.95,0.67,0.29,1.62,13.97,0.47," $10,500,000","3 anos
13.97FPG "
Kevin Love,24.50,9.50,9.00,2.50,5.00,1.00,2.50,1.50,0.50,0.00,0.50,13.80,0.56," $10,000,000","3 anos
13.80FPG "
Alec Burks,26.46,13.31,10.15,3.15,3.85,0.62,2.31,1.23,1.00,0.38,2.15,13.70,0.52," $1,000,000","1 anos
13.70FPG "
Kelly Oubre Jr.,28.71,13.75,12.42,3.00,4.17,1.25,1.29,1.46,1.04,0.88,2.38,13.68,0.48," $5,000,000","3 anos
13.68FPG "
Markelle Fultz,27.13,12.88,13.00,2.38,2.50,0.63,5.38,2.25,0.88,0.25,2.25,13.51,0.50," $5,500,000","1 anos
13.51FPG "
Blake Griffin,31.12,12.24,11.00,3.18,5.06,0.35,3.71,1.71,0.65,0.12,1.94,13.46,0.43," $24,500,000","1 anos
13.46FPG "
Derrick Rose,22.87,14.20,12.27,3.33,1.53,0.40,4.20,1.93,1.20,0.27,1.13,13.45,0.59," $5,000,000","2 anos
13.45FPG "
Kevin Huerter,31.74,12.26,10.78,0.83,2.83,0.83,3.61,1.26,1.17,0.17,2.39,13.38,0.42," $2,500,000","2 anos
13.38FPG "
Joe Ingles,25.95,10.05,7.40,0.75,3.05,0.55,4.55,1.55,0.35,0.20,1.75,13.38,0.52," $4,000,000","2 anos
13.38FPG "
Marvin Bagley III,25.00,12.30,10.65,2.70,5.30,2.13,0.91,1.57,0.48,0.48,2.57,13.32,0.53," $5,000,000","2 anos
13.32FPG "
Hamidou Diallo,22.87,12.57,9.04,4.09,3.96,0.96,2.30,1.43,1.04,0.30,2.39,13.32,0.58," $1,000,000","4 anos
13.32FPG "
Brook Lopez,27.63,10.71,8.50,1.33,3.67,1.46,0.63,0.79,0.58,1.42,1.92,13.23,0.48," $4,000,000","2 anos
13.23FPG "
Donte DiVincenzo,25.63,9.67,8.58,0.71,3.38,1.04,2.63,1.17,1.29,0.25,1.33,13.20,0.51," $3,000,000","2 anos
13.20FPG "
Royce O'Neale,32.17,7.88,5.75,0.92,5.67,1.08,2.29,1.04,0.67,0.58,2.71,13.17,0.41," $2,000,000","1 anos
13.17FPG "
Monte Morris,26.87,11.09,8.61,1.74,1.91,0.26,3.52,0.65,0.74,0.26,0.78,13.17,0.49," $4,000,000","4 anos
13.17FPG "
Josh Hart,27.95,7.95,6.05,1.82,6.32,1.14,1.91,0.64,0.77,0.09,2.18,13.03,0.47," $2,500,000","1 anos
13.03FPG "
Rui Hachimura,28.67,12.92,10.42,4.33,4.00,1.25,2.25,1.08,0.42,0.08,2.25,13.03,0.45," $3,500,000","3 anos
13.03FPG "
DeMarcus Cousins,19.35,8.85,8.10,2.20,6.15,1.25,2.45,1.70,0.90,0.75,2.95,12.85,0.66," $25,000,000","2 anos
12.85FPG "
Goran Dragic,27.00,14.35,11.47,2.76,2.65,0.41,5.29,3.00,0.53,0.12,2.65,12.84,0.48," $5,000,000","1 anos
12.84FPG "
George Hill,26.43,11.79,8.57,1.79,1.50,0.57,3.07,0.86,0.86,0.14,0.86,12.84,0.49," $1,000,000","3 anos
12.84FPG "
Will Barton,29.87,11.52,10.09,1.87,3.26,0.48,3.26,1.43,0.83,0.48,1.87,12.74,0.43," $9,000,000","2 anos
12.74FPG "
Norman Powell,27.55,15.77,11.64,3.36,2.14,0.36,1.36,1.27,1.14,0.18,1.91,12.72,0.46," $3,500,000","3 anos
12.72FPG "
Draymond Green,28.55,4.95,5.40,1.35,4.80,0.55,7.65,2.80,1.45,0.50,3.05,12.66,0.44," $17,500,000","3 anos
12.66FPG "
Rudy Gay,22.26,11.13,9.87,1.65,4.35,1.00,1.48,1.13,0.70,0.57,1.87,12.61,0.57," $6,000,000","1 anos
12.61FPG "
Jakob Poeltl,21.54,6.08,4.75,1.46,3.75,2.96,1.79,1.04,0.50,1.33,2.04,12.48,0.58," $4,500,000","4 anos
12.48FPG "
Kelly Olynyk,26.55,10.18,8.68,0.64,4.59,1.00,2.23,1.36,0.86,0.68,2.50,12.47,0.47," $7,500,000","2 anos
12.47FPG "
Patty Mills,25.96,13.42,10.71,1.33,1.63,0.29,2.71,0.83,0.67,0.04,1.50,12.43,0.48," $1,000,000","2 anos
12.43FPG "
Justin Holiday,31.79,11.25,8.17,1.46,3.50,0.67,1.50,0.71,1.29,0.38,2.50,12.40,0.39," $1,000,000","1 anos
12.40FPG "
Ivica Zubac,19.92,8.00,4.48,2.32,4.32,2.28,1.00,0.96,0.40,0.88,2.44,12.39,0.62," $1,000,000","2 anos
12.39FPG "
Seth Curry,27.65,12.12,8.59,1.53,1.59,0.18,2.71,1.12,0.88,0.35,1.71,12.38,0.45," $1,000,000","1 anos
12.38FPG "
T.J. McConnell,22.10,4.71,4.67,0.33,2.43,0.71,6.67,1.86,1.71,0.19,1.33,12.38,0.56," $2,500,000","4 anos
12.38FPG "
Kyle Kuzma,24.12,10.12,9.20,0.80,4.08,1.72,1.12,1.32,0.28,0.72,1.68,12.32,0.51," $8,000,000","3 anos
12.32FPG "
Naz Reid,22.86,12.59,9.27,2.50,3.68,1.41,1.23,1.32,0.68,1.27,3.32,12.26,0.54, $0,"1 anos
12.26FPG "
DeAndre Jordan,20.67,6.71,3.75,1.38,5.17,1.58,1.79,1.63,0.38,1.33,2.21,12.24,0.59," $17,000,000","2 anos
12.24FPG "
Shake Milton,24.81,14.14,10.86,3.76,1.33,0.52,3.05,1.48,0.76,0.19,2.19,12.23,0.49," $1,000,000","2 anos
12.23FPG "
Dillon Brooks,29.16,15.32,15.63,2.21,2.37,1.26,2.68,2.16,1.32,0.47,3.00,12.23,0.42," $1,000,000","1 anos
12.23FPG "
Cameron Johnson,26.35,11.39,9.26,1.13,3.09,0.70,1.52,0.83,0.65,0.30,1.35,12.20,0.46," $1,500,000","3 anos
12.20FPG "
Cole Anthony,27.25,11.29,10.92,2.29,3.63,0.83,3.92,2.08,0.71,0.46,2.13,12.18,0.45," $3,500,000","4 anos
12.18FPG "
Kendrick Nunn,26.67,13.20,11.00,1.13,2.87,0.53,2.40,1.93,0.93,0.20,1.60,12.17,0.46," $5,000,000","3 anos
12.17FPG "
Doug McDermott,25.83,12.96,9.83,1.54,3.21,1.04,1.29,1.00,0.25,0.08,1.79,12.11,0.47," $1,000,000","2 anos
12.11FPG "
James Wiseman,21.15,12.15,9.80,3.05,4.55,1.50,0.70,1.60,0.40,1.30,3.15,12.10,0.57," $5,000,000","4 anos
12.10FPG "
JaMychal Green,21.58,10.63,8.00,1.63,4.53,1.74,1.00,1.16,0.63,0.11,2.58,12.02,0.56," $3,500,000","1 anos
12.02FPG "
Jalen Brunson,23.52,11.19,7.86,2.29,2.81,0.29,3.48,1.29,0.43,0.00,1.52,12.00,0.51," $1,000,000","2 anos
12.00FPG "
Tristan Thompson,22.80,7.05,5.65,2.10,5.70,2.85,0.85,1.05,0.30,0.45,2.35,11.87,0.52," $6,500,000","3 anos
11.87FPG "
Gorgui Dieng,19.00,8.50,5.44,1.56,3.56,1.44,1.56,1.19,0.94,0.81,1.81,11.83,0.62," $1,000,000","2 anos
11.83FPG "
Daniel Theis,23.64,9.32,6.18,1.50,3.86,1.27,1.36,0.95,0.55,0.91,2.59,11.72,0.50," $1,000,000","1 anos
11.72FPG "
Elfrid Payton,28.56,11.88,11.60,2.12,2.60,1.20,3.68,1.96,0.64,0.24,2.08,11.63,0.41," $10,000,000","3 anos
11.63FPG "
Jae Crowder,28.20,10.30,8.90,1.55,4.35,0.25,2.20,0.85,0.90,0.05,2.20,11.61,0.41," $2,500,000","1 anos
11.61FPG "
Danny Green,28.08,9.04,8.13,0.50,2.54,1.04,2.04,1.29,1.13,0.75,1.54,11.51,0.41," $4,000,000","1 anos
11.51FPG "
Anthony Edwards,27.08,14.04,13.79,2.25,2.58,0.67,2.17,1.54,0.75,0.33,1.54,11.44,0.42," $5,500,000","4 anos
11.44FPG "
Duncan Robinson,33.57,13.00,9.70,1.61,3.74,0.04,1.70,1.57,0.39,0.30,2.00,11.38,0.34," $4,000,000","4 anos
11.38FPG "
Khem Birch,22.13,6.79,5.00,2.29,3.21,2.88,1.29,0.67,0.75,0.63,1.79,11.35,0.51," $1,000,000","3 anos
11.35FPG "
Xavier Tillman,22.07,8.07,6.71,0.86,3.64,1.36,1.64,0.64,1.00,0.79,2.50,11.31,0.51," $1,000,000","4 anos
11.31FPG "
Robert Williams III,15.29,5.94,3.65,0.88,3.29,2.24,0.71,1.12,0.94,1.24,1.47,11.27,0.74," $2,500,000","2 anos
11.27FPG "
De'Anthony Melton,21.00,9.54,8.15,0.62,2.54,0.31,3.00,1.38,0.92,0.92,2.00,11.22,0.53," $1,500,000","3 anos
11.22FPG "
Derrick Favors,16.64,6.14,4.09,1.64,3.68,2.14,1.05,0.59,0.55,1.18,2.50,11.15,0.67," $13,000,000","2 anos
11.15FPG "
Jarred Vanderbilt,19.45,6.36,4.41,1.95,4.36,1.73,1.86,1.00,1.14,0.68,2.09,11.12,0.57," $1,000,000","1 anos
11.12FPG "
Terrence Ross,27.74,13.74,11.65,2.65,2.48,0.30,1.87,1.70,1.04,0.35,1.96,11.11,0.40," $5,000,000","3 anos
11.11FPG "
Carmelo Anthony,25.30,11.60,10.65,2.75,3.25,0.30,1.30,0.90,0.90,0.80,2.00,10.96,0.43," $5,000,000","2 anos
10.96FPG "
Lou Williams,20.65,10.35,8.83,2.70,1.78,0.39,3.26,1.35,0.78,0.09,1.04,10.95,0.53," $8,000,000","1 anos
10.95FPG "
Cedi Osman,27.36,11.76,11.28,1.36,2.48,0.72,2.76,1.12,0.88,0.12,2.20,10.94,0.40," $1,000,000","2 anos
10.94FPG "
Marcus Morris Sr.,24.50,11.50,9.06,1.50,2.94,0.63,0.81,0.94,0.56,0.19,1.50,10.92,0.45," $2,000,000","3 anos
10.92FPG "
Miles Bridges,25.96,9.39,7.91,1.00,4.04,0.91,2.09,1.70,0.65,0.83,2.43,10.89,0.42," $3,000,000","2 anos
10.89FPG "
T.J. Warren,30.50,15.50,12.75,2.50,3.00,0.50,1.25,1.00,0.50,0.00,4.00,10.88,0.36," $6,500,000","3 anos
10.88FPG "
Maxi Kleber,25.00,7.14,4.93,1.29,4.50,1.00,1.50,0.64,0.29,0.86,2.29,10.87,0.43," $2,000,000","2 anos
10.87FPG "
Ish Smith,21.53,6.13,7.07,0.87,3.00,0.60,4.60,1.00,0.73,0.27,1.00,10.84,0.50," $1,000,000","3 anos
10.84FPG "
Josh Richardson,32.31,13.13,10.94,2.44,2.06,1.00,2.31,1.38,0.94,0.25,3.06,10.82,0.33," $10,500,000","2 anos
10.82FPG "
Bismack Biyombo,24.19,6.57,5.05,2.10,4.00,2.38,1.52,1.00,0.29,1.19,2.43,10.79,0.45," $3,000,000","1 anos
10.79FPG "
Wayne Ellington,25.20,12.73,8.87,0.80,1.73,0.47,1.20,0.87,0.53,0.20,1.47,10.65,0.42," $1,000,000","2 anos
10.65FPG "
Robert Covington,30.89,7.00,7.47,0.74,5.00,0.74,1.79,1.16,1.74,0.47,2.68,10.62,0.34," $8,000,000","3 anos
10.62FPG "
Gary Trent Jr.,28.21,13.37,11.79,1.11,1.37,0.58,1.05,0.58,0.58,0.21,1.47,10.56,0.37," $3,000,000","4 anos
10.56FPG "
Patrick Beverley,26.25,8.06,6.56,1.31,3.19,1.25,2.13,0.75,1.00,0.75,3.50,10.55,0.40," $3,500,000","3 anos
10.55FPG "
Immanuel Quickley,19.00,12.00,9.52,2.81,1.95,0.38,2.71,1.10,0.43,0.38,2.14,10.54,0.55," $3,000,000","4 anos
10.54FPG "
Jae'Sean Tate,26.09,8.74,6.57,1.65,3.48,1.39,1.57,1.26,0.83,0.74,2.74,10.43,0.40," $1,000,000","1 anos
10.43FPG "
Hassan Whiteside,14.94,7.69,5.50,2.63,3.81,1.44,0.44,0.94,0.31,1.13,1.75,10.29,0.69," $8,000,000","4 anos
10.29FPG "
Ricky Rubio,24.18,6.14,5.95,1.95,3.09,0.32,5.95,2.14,1.41,0.00,2.00,10.27,0.42," $5,000,000","2 anos
10.27FPG "
Spencer Dinwiddie,21.67,6.67,5.33,2.00,4.33,0.00,3.00,1.67,0.67,0.33,1.33,10.17,0.47," $3,000,000","3 anos
10.17FPG "
Danuel House Jr.,27.75,8.67,7.58,1.58,3.25,0.33,2.08,0.67,0.67,0.33,1.92,10.01,0.36," $1,000,000","1 anos
10.01FPG "
Isaiah Roby,20.33,8.56,6.33,1.78,3.17,1.50,1.28,1.06,0.67,0.67,2.33,9.99,0.49, $0,"2 anos
9.99FPG "
Derrick White,24.33,9.67,11.00,1.00,1.50,0.17,3.83,1.17,0.50,1.17,1.83,9.98,0.41," $1,000,000","1 anos
9.98FPG "
Taurean Prince,22.42,9.13,7.21,2.13,3.25,0.38,1.75,1.13,0.75,0.71,1.88,9.98,0.45," $5,000,000","4 anos
9.98FPG "
Dario Saric,18.86,10.57,8.29,1.86,4.14,0.43,1.00,1.57,0.57,0.14,2.00,9.93,0.53," $3,500,000","4 anos
9.93FPG "
JaVale McGee,15.82,7.71,6.82,2.24,3.82,1.71,1.06,1.18,0.53,1.18,2.35,9.91,0.63," $1,000,000","2 anos
9.91FPG "
Dorian Finney-Smith,29.88,8.56,7.50,0.75,3.25,1.50,1.19,0.63,1.00,0.38,2.75,9.89,0.33," $1,500,000","3 anos
9.89FPG "
Gary Harris,31.06,10.11,8.33,1.67,1.83,0.67,1.72,0.72,0.94,0.22,1.94,9.88,0.32," $6,000,000","4 anos
9.88FPG "
Lonnie Walker IV,28.00,11.23,10.32,1.50,2.86,0.23,1.73,1.00,0.55,0.41,2.14,9.88,0.35," $3,000,000","2 anos
9.88FPG "
Cam Reddish,28.75,11.75,10.50,2.80,3.40,0.85,1.20,1.55,1.15,0.20,2.60,9.87,0.34," $4,000,000","3 anos
9.87FPG "
David Nwaba,23.26,8.89,7.42,1.84,2.16,1.16,1.26,0.58,1.16,0.68,2.16,9.82,0.42,0,0
Josh Jackson,23.95,12.29,10.57,2.95,2.90,0.71,1.90,2.14,0.86,0.95,3.00,9.80,0.41," $4,500,000","1 anos
9.80FPG "
Frank Kaminsky,14.94,6.65,5.59,1.00,3.35,0.88,1.82,0.47,0.18,0.59,1.59,9.79,0.66," $1,000,000","1 anos
9.79FPG "
Jeff Green,26.20,9.20,6.24,1.52,3.24,0.44,1.28,0.92,0.72,0.24,2.08,9.78,0.37," $1,500,000","1 anos
9.78FPG "
John Konchar,17.27,5.09,3.73,0.91,3.00,1.27,1.55,0.27,1.09,0.36,1.36,9.67,0.56," $1,000,000","1 anos
9.67FPG "
Denzel Valentine,18.75,7.95,7.75,0.10,3.55,0.25,1.85,0.65,0.90,0.05,1.20,9.65,0.51," $1,000,000","1 anos
9.65FPG "
Grayson Allen,21.79,8.29,6.21,2.14,2.36,0.50,1.86,1.00,1.00,0.21,1.00,9.61,0.44," $1,500,000","2 anos
9.61FPG "
Patrick Williams,26.78,10.22,8.13,2.00,3.57,0.83,1.04,1.52,0.70,0.57,2.35,9.60,0.36," $3,500,000","4 anos
9.60FPG "
Bogdan Bogdanovic,24.00,9.89,8.67,1.00,3.56,0.22,2.11,1.22,0.44,0.11,2.00,9.59,0.40," $1,000,000","1 anos
9.59FPG "
Sterling Brown,20.57,7.48,6.10,0.38,2.81,0.76,1.67,0.62,1.05,0.24,1.90,9.55,0.46," $1,000,000","1 anos
9.55FPG "
Reggie Jackson,19.55,8.00,7.00,1.00,2.45,0.27,2.91,0.86,0.59,0.14,1.68,9.51,0.49," $7,000,000","3 anos
9.51FPG "
Dwight Howard,17.04,5.83,3.79,2.92,5.21,2.50,0.63,1.96,0.50,0.88,3.13,9.50,0.56," $3,500,000","4 anos
9.50FPG "
Yogi Ferrell,20.50,9.50,10.50,1.00,2.00,1.50,2.50,1.50,1.50,0.50,2.00,9.45,0.46,0,0
PJ Dozier,19.71,7.12,5.53,1.47,3.18,0.94,1.35,0.76,0.53,0.59,1.71,9.44,0.48," $1,000,000","2 anos
9.44FPG "
Luguentz Dort,28.82,11.45,9.68,2.05,2.68,0.59,1.27,1.23,0.86,0.27,2.50,9.41,0.33, $0,"1 anos
9.41FPG "
Tomas Satoransky,18.83,5.42,3.92,1.08,2.25,0.33,4.50,1.58,0.75,0.25,1.00,9.38,0.50," $4,000,000","3 anos
9.38FPG "
Pat Connaughton,17.86,5.76,4.76,0.38,2.95,0.90,1.38,0.19,0.52,0.38,1.24,9.35,0.52," $1,000,000","1 anos
9.35FPG "
Nickeil Alexander-Walker,21.37,9.84,9.37,1.58,2.68,0.21,2.11,1.53,1.26,0.37,1.95,9.24,0.43," $2,000,000","3 anos
9.24FPG "
Kentavious Caldwell-Pope,25.71,9.10,6.81,1.19,2.00,0.33,1.43,0.90,0.67,0.33,1.67,9.20,0.36," $6,000,000","1 anos
9.20FPG "
Mike Muscala,18.71,9.71,7.48,1.14,2.90,0.62,0.62,0.71,0.29,0.29,1.43,9.18,0.49," $1,500,000","2 anos
9.18FPG "
Juan Toscano-Anderson,21.09,5.64,3.36,0.55,4.45,0.27,2.00,0.91,0.45,0.64,2.09,9.17,0.43," $1,000,000","1 anos
9.17FPG "
Tyrese Maxey,18.13,9.00,8.21,0.83,1.83,0.25,1.88,0.67,0.63,0.13,1.29,9.05,0.50," $3,000,000","4 anos
9.05FPG "
Tony Bradley,12.78,4.33,3.89,0.56,3.22,2.33,0.67,0.11,0.33,0.67,1.22,9.01,0.71," $1,000,000","1 anos
9.01FPG "
Desmond Bane,22.95,9.84,7.58,0.79,2.32,0.42,1.58,1.11,0.63,0.16,1.95,8.96,0.39," $1,500,000","4 anos
8.96FPG "
Marquese â  Chriss,13.00,6.50,7.00,2.00,5.00,1.50,1.00,1.00,0.00,1.00,1.50,8.90,0.68," $1,000,000","2 anos
8.90FPG "
Payton Pritchard,20.81,8.00,6.06,0.63,2.06,0.44,2.44,1.38,0.81,0.25,1.75,8.88,0.43, $0,"2 anos
8.88FPG "
Davis Bertans,25.00,10.88,9.00,2.25,2.50,0.44,1.06,0.75,0.69,0.31,2.31,8.86,0.35," $2,000,000","2 anos
8.86FPG "
Juancho Hernangomez,19.50,6.50,5.92,1.17,4.08,1.08,0.58,0.42,0.42,0.17,0.92,8.77,0.45," $2,500,000","3 anos
8.77FPG "
Andre Iguodala,21.52,4.76,4.52,0.52,3.33,0.48,2.57,1.05,1.19,0.38,1.48,8.73,0.41," $1,000,000","3 anos
8.73FPG "
Luke Kennard,22.44,8.32,6.68,0.52,2.60,0.20,1.80,0.92,0.28,0.24,1.64,8.72,0.39," $3,500,000","1 anos
8.72FPG "
Tacko Fall,10.00,3.60,2.20,0.80,3.20,1.00,0.00,0.20,0.00,1.80,1.40,8.68,0.87, $0,"1 anos
8.68FPG "
Robin Lopez,19.26,7.47,4.95,2.00,2.26,2.11,1.05,0.95,0.16,0.58,1.95,8.63,0.45," $3,000,000","1 anos
8.63FPG "
Derrick Jones Jr.,27.17,7.17,5.83,1.89,2.50,1.56,0.67,0.78,1.00,0.89,2.50,8.56,0.31," $5,000,000","2 anos
8.56FPG "
Eric Paschall,17.57,9.67,7.76,2.43,2.00,0.86,1.24,0.62,0.19,0.10,1.67,8.52,0.48, $0,"1 anos
8.52FPG "
Devin Vassell,18.17,5.83,4.91,0.83,2.65,0.61,1.09,0.48,1.22,0.30,1.30,8.52,0.47," $3,000,000","4 anos
8.52FPG "
Reggie Bullock,27.45,8.85,8.25,0.60,3.35,0.30,1.20,0.80,0.80,0.25,2.35,8.52,0.31,0,0
Deni Avdija,23.47,6.67,5.93,0.67,4.07,0.33,1.67,0.67,1.07,0.27,2.67,8.49,0.36," $4,000,000","4 anos
8.49FPG "
Jaylen Nowell,17.10,11.50,8.70,1.80,1.30,0.70,0.80,0.80,0.40,0.20,1.50,8.44,0.49," $1,000,000","1 anos
8.44FPG "
Nerlens Noel,17.50,3.40,2.65,0.95,3.65,1.50,0.40,1.00,0.90,1.85,1.80,8.43,0.48," $3,000,000","1 anos
8.43FPG "
Cameron Payne,17.54,6.62,5.54,0.69,2.00,0.15,3.92,1.23,0.62,0.23,2.15,8.37,0.48," $3,000,000","1 anos
8.37FPG "
Damion Lee,19.08,6.46,4.63,0.83,3.04,0.50,1.42,0.38,0.63,0.04,1.67,8.37,0.44," $1,000,000","1 anos
8.37FPG "
Garrett Temple,26.45,8.41,7.59,1.14,2.41,0.55,1.91,1.14,1.05,0.45,2.36,8.36,0.32," $1,000,000","1 anos
8.36FPG "
Willy Hernangomez,14.14,4.29,3.57,1.43,3.00,1.71,1.00,0.43,0.57,0.43,1.00,8.36,0.59," $10,000,000","1 anos
8.36FPG "
Talen Horton-Tucker,17.24,7.38,6.24,1.05,2.24,0.43,1.76,1.24,1.00,0.48,2.00,8.35,0.48, $0,"1 anos
8.35FPG "
Bruce Brown,18.43,6.33,4.67,0.95,3.14,1.14,1.00,0.86,0.43,0.38,1.86,8.34,0.45," $1,000,000","2 anos
8.34FPG "
Dwayne Bacon,23.71,9.79,9.17,1.71,2.75,0.38,0.92,0.63,0.67,0.08,1.67,8.30,0.35," $3,500,000","3 anos
8.30FPG "
Jarrett Culver,21.75,8.13,6.94,2.06,3.44,1.56,0.94,1.31,0.69,0.38,2.38,8.28,0.38," $4,500,000","3 anos
8.28FPG "
Jordan McLaughlin,18.00,5.25,5.08,0.58,1.50,0.58,4.25,1.00,0.58,0.17,0.75,8.21,0.46," $1,000,000","1 anos
8.21FPG "
Furkan Korkmaz,20.15,8.38,7.69,0.85,2.08,0.31,0.85,0.92,0.77,0.15,1.00,8.16,0.40," $1,000,000","1 anos
8.16FPG "
Marc Gasol,19.52,3.68,3.16,0.96,3.44,0.84,1.96,0.92,0.44,1.24,2.32,8.16,0.42," $10,000,000","1 anos
8.16FPG "
Abdel Nader,18.11,8.33,6.22,2.00,3.00,0.00,1.22,0.89,0.33,0.11,1.33,7.91,0.44," $1,000,000","1 anos
7.91FPG "
Damyean Dotson,21.50,7.95,7.20,1.10,1.45,0.10,2.40,0.85,0.50,0.15,1.00,7.82,0.36," $1,000,000","1 anos
7.82FPG "
Danilo Gallinari,17.36,10.27,6.64,3.09,2.27,0.27,1.18,1.45,0.09,0.09,1.64,7.80,0.45," $9,500,000","1 anos
7.80FPG "
Austin Rivers,22.95,8.05,7.11,0.63,2.21,0.26,2.21,1.11,0.63,0.00,1.63,7.79,0.34," $1,000,000","1 anos
7.79FPG "
Malik Monk,18.60,9.90,7.00,1.40,1.10,0.30,1.60,1.00,0.20,0.00,1.00,7.78,0.42," $3,500,000","1 anos
7.78FPG "
Garrison Mathews,18.75,8.25,5.33,2.42,1.33,0.58,0.67,0.17,1.17,0.08,1.83,7.73,0.41," $5,000,000","1 anos
7.73FPG "
Precious Achiuwa,15.83,6.87,4.52,2.74,2.87,1.48,0.70,1.13,0.43,0.57,2.04,7.67,0.48," $2,500,000","4 anos
7.67FPG "
James Johnson,18.57,6.39,5.35,1.04,2.65,0.48,1.61,1.09,0.87,0.83,2.09,7.66,0.41," $3,500,000","1 anos
7.66FPG "
D.J. Augustin,17.43,6.04,5.04,1.17,0.87,0.43,2.83,0.91,0.48,0.00,0.61,7.64,0.44," $2,000,000","4 anos
7.64FPG "
Michael Carter-Williams,23.29,5.14,6.29,0.86,3.00,2.14,1.71,1.29,0.57,0.57,2.71,7.64,0.33," $2,000,000","1 anos
7.64FPG "
Isaiah Stewart,17.76,5.00,4.29,1.19,2.81,2.71,0.67,0.76,0.43,0.86,2.67,7.54,0.42," $2,000,000","4 anos
7.54FPG "
Daniel Gafford,15.05,5.33,3.14,1.57,1.95,1.48,0.62,0.57,0.52,1.19,2.05,7.52,0.50," $1,000,000","3 anos
7.52FPG "
Chuma Okeke,18.88,3.88,3.50,0.75,1.88,1.00,1.88,0.63,0.63,0.38,0.75,7.51,0.40," $1,500,000","3 anos
7.51FPG "
Raul Neto,17.93,7.93,6.80,0.60,1.20,0.53,1.73,0.73,0.93,0.07,1.27,7.51,0.42," $1,000,000","1 anos
7.51FPG "
Willie Cauley Stein,17.61,5.70,3.74,1.65,3.26,1.30,0.78,0.61,0.35,0.74,2.57,7.48,0.42," $7,000,000","3 anos
7.48FPG "
Alex Caruso,19.00,5.53,4.47,0.42,1.79,0.58,2.05,1.26,1.05,0.16,1.53,7.42,0.39," $1,000,000","1 anos
7.42FPG "
Theo Maledon,22.81,7.52,6.95,0.90,2.38,0.24,2.86,1.81,0.95,0.05,2.14,7.40,0.32, $0,"2 anos
7.40FPG "
Caleb Martin,15.30,5.80,5.05,1.05,1.85,0.80,1.40,0.70,0.75,0.35,1.05,7.36,0.48," $1,000,000","4 anos
7.36FPG "
Kevon Looney,15.00,3.67,2.52,0.62,2.62,1.52,1.76,0.62,0.33,0.29,1.76,7.30,0.49," $3,000,000","3 anos
7.30FPG "
Trey Burke,18.83,8.79,7.25,1.13,1.04,0.17,1.63,0.63,0.83,0.08,1.67,7.28,0.39," $1,000,000","3 anos
7.28FPG "
Anfernee Simons,16.22,8.39,7.28,0.78,1.94,0.22,1.11,0.67,0.22,0.28,1.39,7.26,0.45," $1,000,000","3 anos
7.26FPG "
Frank Mason,21.50,7.00,7.00,2.00,2.00,0.50,4.00,1.00,0.00,0.00,2.50,7.20,0.33,0,0
Kent Bazemore,15.86,5.95,4.23,0.95,2.55,0.45,1.68,1.14,0.82,0.50,2.14,7.17,0.45," $2,000,000","2 anos
7.17FPG "
Jordan Bell,16.67,3.33,5.00,0.00,3.67,1.67,1.67,1.00,0.33,1.00,1.33,7.10,0.43," $1,500,000","3 anos
7.10FPG "
Dwight Powell,18.40,5.33,3.00,3.00,2.67,1.33,1.07,0.73,0.87,0.40,2.60,7.06,0.38," $5,500,000","3 anos
7.06FPG "
Aron Baynes,18.52,5.38,5.76,0.29,4.00,1.43,0.81,0.76,0.29,0.38,2.52,7.05,0.38," $2,000,000","2 anos
7.05FPG "
Timothe Luwawu-Cabarrot,19.68,7.56,6.92,0.80,1.68,0.52,1.32,0.72,0.64,0.16,1.64,7.05,0.36," $6,000,000","1 anos
7.05FPG "
Kenrich Williams,15.61,4.83,3.83,0.70,1.91,1.39,1.22,0.52,0.61,0.22,1.39,7.00,0.45,0,0
Alex Len,14.53,5.80,3.33,2.13,2.60,0.67,1.07,1.20,0.47,1.00,1.93,6.89,0.47," $1,500,000","1 anos
6.89FPG "
Jeff Teague,18.25,5.95,6.05,1.50,1.45,0.30,2.20,1.00,1.10,0.15,1.00,6.88,0.38," $11,000,000","1 anos
6.88FPG "
P.J. Tucker,30.70,4.65,4.13,0.65,3.74,0.83,1.39,1.04,0.91,0.61,3.00,6.83,0.22," $1,000,000","2 anos
6.83FPG "
Isaac Okoro,34.15,7.85,6.95,2.15,1.50,0.85,1.85,1.30,1.15,0.40,2.65,6.82,0.20," $3,500,000","4 anos
6.82FPG "
Rajon Rondo,15.43,3.36,3.93,0.14,2.00,0.29,3.86,1.36,0.64,0.07,0.93,6.79,0.44," $5,000,000","2 anos
6.79FPG "
Bryn Forbes,17.21,9.08,6.79,0.71,0.96,0.21,0.54,0.67,0.25,0.00,1.17,6.76,0.39," $1,000,000","4 anos
6.76FPG "
Nemanja Bjelica,15.70,6.60,5.10,2.30,2.60,1.00,1.90,1.20,0.00,0.20,2.00,6.73,0.43," $1,000,000","1 anos
6.73FPG "
Dylan Windler,16.67,5.17,3.67,0.92,2.58,0.42,0.92,1.08,0.75,0.50,1.00,6.63,0.40, $0,"1 anos
6.63FPG "
Saddiq Bey,18.90,7.48,6.67,1.62,2.81,0.33,0.67,0.76,0.48,0.05,1.29,6.41,0.34," $2,500,000","4 anos
6.41FPG "
James Ennis III,20.41,6.00,4.53,1.24,2.35,0.94,1.24,0.94,0.82,0.29,2.18,6.41,0.31,0,0
Moritz Wagner,13.13,6.50,3.38,1.75,3.25,0.50,0.88,0.25,0.50,0.13,3.25,6.35,0.48," $2,000,000","2 anos
6.35FPG "
Svi Mykhailiuk,15.86,6.68,5.77,1.09,1.59,0.23,1.32,0.68,0.64,0.14,0.86,6.34,0.40," $2,000,000","3 anos
6.34FPG "
Torrey Craig,11.82,3.00,2.73,0.00,2.27,0.82,1.00,0.36,0.64,0.45,1.36,6.31,0.53,0,0
Mason Jones,12.07,6.57,4.29,1.50,1.86,0.21,1.50,1.21,0.29,0.00,1.07,6.26,0.52,0,0
Mo Bamba,6.44,5.44,3.89,0.33,2.00,1.11,0.33,0.33,0.00,0.67,1.22,6.24,0.97," $4,500,000","2 anos
6.24FPG "
Avery Bradley,21.40,8.50,6.60,0.90,1.60,0.20,1.40,0.90,0.70,0.10,2.60,6.24,0.29," $4,000,000","1 anos
6.24FPG "
Cory Joseph,19.00,5.74,5.17,1.09,1.65,0.39,2.30,1.04,0.83,0.26,2.13,6.20,0.33," $1,000,000","1 anos
6.20FPG "
Drew Eubanks,12.88,4.00,3.88,1.25,2.63,0.38,0.38,0.38,0.13,1.63,1.13,6.16,0.48,0,0
JJ Redick,19.79,8.21,7.00,1.58,1.47,0.11,1.16,0.74,0.26,0.00,1.26,6.16,0.31," $4,000,000","2 anos
6.16FPG "
Ben McLemore,16.73,7.07,5.73,0.87,2.00,0.33,1.13,1.27,0.40,0.07,1.33,6.15,0.37," $1,000,000","1 anos
6.15FPG "
Javonte Green,16.46,4.77,3.62,1.46,1.62,1.15,0.62,0.62,0.77,0.08,1.00,5.98,0.36,0,0
Ed Davis,14.83,2.39,2.39,0.44,3.28,2.11,1.06,0.33,0.56,0.56,2.72,5.95,0.40," $1,000,000","2 anos
5.95FPG "
Markieff Morris,15.05,4.35,3.85,0.70,2.80,0.65,0.90,0.55,0.05,0.30,1.60,5.89,0.39," $1,500,000","3 anos
5.89FPG "
Yuta Watanabe,12.44,3.11,2.83,0.44,2.39,0.89,0.39,0.44,0.50,0.61,1.06,5.84,0.47,0,0
Justin Jackson,16.15,6.15,5.54,1.00,2.31,0.31,1.31,0.77,0.23,0.00,1.08,5.82,0.36," $3,000,000","1 anos
5.82FPG "
Brad Wanamaker,16.58,4.54,4.21,1.46,1.50,0.25,2.58,0.83,0.79,0.13,1.58,5.82,0.35," $1,000,000","1 anos
5.82FPG "
Semi Ojeleye,17.52,4.76,4.05,1.00,2.24,0.67,0.81,0.38,0.19,0.00,0.95,5.78,0.33," $2,500,000","1 anos
5.78FPG "
Terance Mann,13.70,3.70,3.40,0.75,2.25,0.95,1.00,0.65,0.50,0.20,1.35,5.78,0.42, $0,"1 anos
5.78FPG "
Dante Exum,19.33,3.83,4.33,0.33,2.50,0.33,2.17,1.17,0.67,0.33,1.50,5.77,0.30," $3,000,000","2 anos
5.77FPG "
Dakota Mathias,15.88,6.00,6.00,0.75,0.75,0.13,1.63,0.13,0.13,0.38,0.88,5.76,0.36,0,0
Landry Shamet,18.33,6.67,5.76,1.33,1.29,0.19,1.19,0.81,0.52,0.14,1.14,5.75,0.31," $1,000,000","2 anos
5.75FPG "
Ryan Arcidiacono,12.29,3.71,2.86,0.71,2.14,0.00,2.00,0.29,0.43,0.00,1.14,5.69,0.46," $1,000,000","1 anos
5.69FPG "
Harry Giles III,11.35,3.12,2.88,0.71,3.24,1.06,0.94,0.65,0.24,0.41,1.76,5.65,0.50," $2,500,000","1 anos
5.65FPG "
Onyeka Okongwu,11.17,3.50,2.83,1.33,2.50,0.83,0.33,0.50,0.33,1.00,1.83,5.62,0.50," $4,000,000","4 anos
5.62FPG "
Goga Bitadze,12.40,5.60,4.10,1.40,1.70,0.90,0.20,0.50,0.40,1.20,2.20,5.57,0.45," $3,000,000","3 anos
5.57FPG "
Nassir Little,11.44,5.00,3.22,1.00,1.22,1.11,0.22,0.56,0.22,0.44,0.89,5.54,0.48," $3,000,000","3 anos
5.54FPG "
Aleksej Pokusevski,17.59,3.29,5.47,0.00,3.24,0.29,1.24,1.29,0.47,1.12,0.94,5.53,0.31," $2,500,000","4 anos
5.53FPG "
Jake Layman,15.68,6.26,4.84,1.21,1.21,0.26,0.53,0.53,0.89,0.47,1.21,5.51,0.35," $1,000,000","1 anos
5.51FPG "
Wesley Matthews,20.00,5.33,4.17,0.56,0.83,0.33,1.00,0.17,0.44,0.28,1.44,5.49,0.27,0,0
Jaxson Hayes,12.94,4.44,2.83,1.33,2.50,1.28,0.50,0.72,0.33,0.39,1.94,5.46,0.42," $3,500,000","3 anos
5.46FPG "
Jerome Robinson,19.91,6.18,6.09,1.55,2.82,0.18,1.64,1.09,0.55,0.18,1.91,5.42,0.27,0,0
Josh Okogie,21.33,4.94,4.67,1.61,1.78,0.72,1.28,0.83,0.78,0.72,2.06,5.37,0.25," $2,000,000","2 anos
5.37FPG "
Matisse Thybulle,18.05,3.30,3.60,0.50,1.05,0.35,0.75,0.25,1.60,0.90,2.00,5.37,0.30, $0,"1 anos
5.37FPG "
Grant Williams,19.21,5.84,4.42,1.37,2.05,1.16,0.84,0.89,0.37,0.42,2.89,5.33,0.28," $1,000,000","3 anos
5.33FPG "
Aaron Holiday,20.33,6.79,7.38,0.79,1.08,0.25,2.00,0.83,0.54,0.13,1.83,5.33,0.26," $1,500,000","2 anos
5.33FPG "
Terence Davis,14.11,7.17,5.89,0.56,1.44,0.33,0.89,1.00,0.61,0.17,1.94,5.32,0.38, $0,"1 anos
5.32FPG "
Stanley Johnson,14.91,3.05,2.41,0.55,1.95,0.55,1.59,0.68,0.86,0.32,1.73,5.30,0.36,0,0
Kevin Knox II,18.25,6.05,5.50,0.60,1.80,0.40,0.80,0.75,0.35,0.30,1.55,5.23,0.29," $4,000,000","2 anos
5.23FPG "
Trey Lyles,10.92,2.83,2.33,0.92,2.50,0.50,0.58,0.00,0.00,0.00,0.25,5.21,0.48," $2,000,000","3 anos
5.21FPG "
Reggie Perry,10.86,3.57,3.57,0.64,2.50,1.21,0.86,0.79,0.14,0.36,1.93,5.19,0.48, $0,"2 anos
5.19FPG "
Solomon Hill,19.83,4.65,4.39,0.35,2.00,0.43,0.87,0.57,0.65,0.22,1.52,5.18,0.26,0,0
Obi Toppin,12.00,4.60,4.13,0.60,2.33,0.27,0.53,0.60,0.20,0.40,0.80,5.17,0.43," $4,500,000","4 anos
5.17FPG "
Glenn Robinson III,15.94,5.61,4.33,1.00,1.28,0.33,0.89,0.33,0.06,0.06,0.94,5.16,0.32," $5,000,000","1 anos
5.16FPG "
E'Twaun Moore,17.60,5.30,5.70,0.40,0.80,0.50,1.90,1.20,0.90,0.10,1.60,5.12,0.29,0,0
Mike Scott,19.50,4.88,5.50,0.38,2.25,0.50,0.13,0.38,0.25,0.25,1.25,5.05,0.26," $1,000,000","1 anos
5.05FPG "
Troy Brown Jr.,18.00,5.11,5.00,0.67,2.89,0.78,1.00,0.78,0.22,0.22,2.00,5.04,0.28," $2,000,000","2 anos
5.04FPG "
Gary Clark,21.38,3.43,3.86,0.33,2.38,1.19,0.76,0.57,0.38,0.24,1.14,5.03,0.24," $1,000,000","1 anos
5.03FPG "
Langston Galloway,12.20,5.20,3.55,0.80,1.00,0.20,0.65,0.35,0.15,0.00,0.65,5.02,0.41," $1,000,000","2 anos
5.02FPG "
Thon Maker,9.63,3.75,2.25,1.38,1.25,1.00,0.50,0.38,0.25,0.50,0.88,4.99,0.52,0,0
DeAndre' Bembry,12.20,3.33,2.53,0.27,1.13,0.33,1.53,0.67,0.73,0.27,1.20,4.98,0.41," $1,000,000","4 anos
4.98FPG "
Isaiah Joe,15.15,5.69,4.85,0.38,1.08,0.31,1.00,0.38,0.31,0.31,1.54,4.95,0.33, $0,"2 anos
4.95FPG "
Boban Marjanovic,7.33,4.33,3.60,0.87,2.00,1.33,0.07,0.20,0.00,0.00,0.80,4.91,0.67," $2,000,000","1 anos
4.91FPG "
Chimezie Metu,7.44,3.67,3.11,1.00,1.33,1.22,0.56,0.56,0.33,0.67,1.11,4.84,0.65,0,0
Jordan Poole,9.73,5.53,4.07,1.27,1.07,0.13,0.87,0.53,0.20,0.13,1.00,4.73,0.49," $1,500,000","2 anos
4.73FPG "
Chris Chiozza,11.33,4.00,4.44,1.22,0.78,0.33,2.33,0.89,0.44,0.22,0.78,4.68,0.41,0,0
JaKarr Sampson,10.20,3.60,3.00,1.00,2.00,0.60,0.00,0.20,0.20,0.40,1.00,4.66,0.46,0,0
Isaiah Hartenstein,9.43,4.00,3.21,1.64,1.50,1.71,0.64,0.86,0.43,0.64,2.14,4.63,0.49," $1,000,000","2 anos
4.63FPG "
Jaden McDaniels,17.67,4.89,4.94,0.61,2.78,0.72,0.89,0.78,0.33,0.72,2.61,4.62,0.26," $1,500,000","4 anos
4.62FPG "
Rodney Hood,18.39,4.56,5.33,0.17,1.56,0.11,1.33,0.83,0.78,0.11,1.33,4.59,0.25," $3,000,000","2 anos
4.59FPG "
Brandon Goodwin,13.67,4.33,4.78,1.11,1.17,0.11,2.00,0.56,0.44,0.00,1.06,4.57,0.33,0,0
Carsen Edwards,12.30,5.80,4.70,0.70,1.10,0.20,0.50,0.30,0.40,0.10,1.40,4.55,0.37,0,0
Kyle Guy,9.57,3.57,3.71,0.86,1.00,0.43,1.71,0.14,0.43,0.00,0.71,4.53,0.47,0,0
Georges Niang,12.38,4.46,4.54,0.13,1.96,0.25,0.63,0.71,0.29,0.08,1.33,4.49,0.36,0,0
Tremont Waters,11.75,2.88,3.25,0.75,0.63,0.25,3.38,1.75,0.63,0.00,0.75,4.39,0.37,0,0
Patrick Patterson,14.00,4.75,3.63,0.50,1.25,0.38,0.50,0.75,0.38,0.13,1.38,4.36,0.31,0,0
Cody Martin,10.00,2.71,2.07,0.57,1.36,0.57,1.00,0.43,0.36,0.00,0.57,4.30,0.43," $1,000,000","2 anos
4.30FPG "
Kenyon Martin Jr.,12.60,3.20,4.20,1.00,2.00,1.20,0.60,1.00,0.20,1.00,1.80,4.26,0.34, $0,"2 anos
4.26FPG "
D.J. Wilson,9.70,3.70,3.70,0.20,1.90,0.30,0.30,0.40,0.10,0.30,1.20,4.24,0.44," $2,000,000","1 anos
4.24FPG "
Jordan Bone,15.50,4.33,4.08,0.00,1.50,0.25,1.42,0.25,0.17,0.00,0.92,4.23,0.27,0,0
Moses Brown,4.71,3.00,1.43,2.00,1.57,0.57,0.43,0.14,0.14,0.57,0.57,4.23,0.90,0,0
Edmond Sumner,11.00,4.75,3.67,1.00,1.17,0.42,0.58,0.83,0.67,0.08,1.17,4.22,0.38,0,0
CJ Elleby,9.13,4.25,2.75,1.13,1.00,0.50,0.38,0.13,0.25,0.38,1.38,4.21,0.46,0,0
Jahlil Okafor,9.83,4.25,3.50,0.17,1.17,1.08,0.25,0.33,0.17,0.17,0.83,4.11,0.42," $1,500,000","4 anos
4.11FPG "
Jevon Carter,12.19,3.14,3.43,0.10,1.33,0.14,1.14,0.19,0.48,0.29,1.29,4.10,0.34," $5,000,000","1 anos
4.10FPG "
Jordan Nwora,8.60,5.10,3.70,1.00,1.40,0.10,0.00,1.00,0.40,0.20,0.90,4.08,0.47, $0,"2 anos
4.08FPG "
Darius Miller,10.50,3.00,2.00,0.50,1.33,0.00,1.00,0.33,0.50,0.17,0.67,3.98,0.38,0,0
Paul Reed,11.00,3.60,4.40,0.00,0.60,1.40,0.60,1.00,0.20,0.80,0.80,3.96,0.36, $0,"2 anos
3.96FPG "
Chris Silva,10.00,4.33,1.67,2.00,2.00,1.17,1.00,1.33,0.17,0.33,2.33,3.93,0.39,0,0
Daniel Oturu,5.11,2.22,1.67,0.22,1.00,0.56,0.44,0.22,0.00,0.33,0.67,3.74,0.73, $0,"2 anos
3.74FPG "
R.J. Hampton,9.50,1.75,1.88,0.25,2.00,0.75,0.63,0.75,0.38,0.13,0.63,3.70,0.39," $2,000,000","4 anos
3.70FPG "
Mychal Mulder,10.77,4.00,2.73,0.50,0.86,0.00,0.50,0.18,0.27,0.23,0.86,3.69,0.34,0,0
Cristiano Felicio,7.20,2.20,0.80,1.60,1.20,1.00,1.00,0.60,0.40,0.00,0.60,3.68,0.51,0,0
Max Strus,13.71,5.50,4.07,0.36,1.07,0.07,0.50,0.21,0.14,0.00,1.21,3.66,0.27," $1,000,000","1 anos
3.66FPG "
Kostas Antetokounmpo,9.00,0.00,2.00,0.00,4.00,0.00,0.00,2.00,0.00,2.00,1.00,3.60,0.40,0,0
Bruno Fernando,8.92,1.77,1.46,0.85,2.54,0.92,0.54,1.00,0.15,0.08,0.92,3.59,0.40," $3,500,000","3 anos
3.59FPG "
Isaac Bonga,18.17,3.25,2.83,0.25,2.42,0.67,0.75,0.58,0.33,0.33,2.08,3.55,0.20,0,0
Frank Ntilikina,11.00,4.50,3.50,0.75,0.75,0.25,0.75,0.50,0.75,0.00,1.75,3.43,0.31," $3,500,000","1 anos
3.43FPG "
Thanasis Antetokounmpo,9.50,2.50,1.63,0.44,1.13,0.81,0.94,0.94,0.31,0.19,1.56,3.42,0.36,0,0
Facundo Campazzo,12.05,3.65,3.05,0.85,0.60,0.15,1.60,0.75,0.75,0.10,1.80,3.41,0.28," $1,500,000","2 anos
3.41FPG "
Tony Snell,11.17,3.17,2.50,0.00,0.92,0.42,0.83,0.42,0.08,0.17,1.17,3.36,0.30,0,0
Meyers Leonard,10.67,3.33,2.33,0.67,2.33,0.00,0.67,0.67,0.00,0.00,1.67,3.27,0.31," $3,000,000","3 anos
3.27FPG "
Kira Lewis Jr.,10.27,4.09,4.36,0.91,0.55,0.00,1.36,0.27,0.27,0.09,0.82,3.26,0.32," $3,500,000","4 anos
3.26FPG "
Nico Mannion,6.17,1.50,2.17,0.67,1.33,0.00,2.00,0.33,0.33,0.00,0.83,3.23,0.52, $0,"2 anos
3.23FPG "
Taj Gibson,12.25,2.75,2.25,0.50,0.50,1.50,1.00,0.25,0.00,0.25,2.00,3.20,0.26,0,0
Tim Frazier,11.00,1.33,2.67,0.00,1.33,0.00,2.33,1.00,0.33,0.00,1.33,3.13,0.28," $1,000,000","1 anos
3.13FPG "
Sekou Doumbouya,13.50,4.14,4.32,1.05,1.91,0.50,0.59,0.73,0.41,0.09,1.59,3.12,0.23," $2,500,000","3 anos
3.12FPG "
Josh Green,13.63,2.63,2.25,0.69,1.63,0.69,0.63,0.69,0.25,0.06,1.00,3.10,0.23," $2,000,000","4 anos
3.10FPG "
Jalen Lecque,3.50,1.75,1.50,1.25,1.00,0.25,0.75,0.00,0.00,0.00,0.00,3.03,0.86,0,0
Sam Merrill,6.44,1.56,1.11,0.22,0.78,0.33,1.11,0.33,0.11,0.00,0.33,3.01,0.47,0,0
Elijah Hughes,5.00,2.57,2.14,0.57,0.57,0.00,0.57,0.86,0.14,0.14,0.00,2.93,0.59,0,0
Nicolo Melli,12.46,1.77,2.31,0.38,2.23,0.15,0.92,0.46,0.54,0.15,1.38,2.92,0.23," $1,500,000","1 anos
2.92FPG "
Matt Thomas,6.91,3.18,2.36,0.36,0.55,0.09,0.45,0.36,0.18,0.00,0.36,2.86,0.41,0,0
Jalen McDaniels,9.44,3.89,2.78,1.22,1.78,0.33,0.56,0.89,0.22,0.00,1.44,2.83,0.30, $0,"1 anos
2.83FPG "
Alfonzo McKinnie,3.33,1.75,1.08,0.17,0.42,0.33,0.08,0.08,0.08,0.00,0.17,2.70,0.81,0,0
Malachi Flynn,8.31,2.23,3.00,0.31,0.62,0.08,1.23,0.31,0.31,0.00,0.77,2.68,0.32, $0,"2 anos
2.68FPG "
Miye Oni,7.67,1.22,1.22,0.11,1.39,0.33,0.33,0.22,0.00,0.22,1.06,2.63,0.34, $0,"1 anos
2.63FPG "
Wes Iwundu,14.00,2.18,2.71,0.59,1.65,0.29,0.47,0.24,0.41,0.12,1.18,2.53,0.18,0,0
Jalen Smith,7.14,2.00,2.43,0.29,0.71,0.71,0.29,0.14,0.00,0.29,0.43,2.50,0.35," $3,000,000","4 anos
2.50FPG "
Cassius Winston,8.60,2.60,2.00,0.40,0.80,0.00,1.20,0.20,0.00,0.20,0.80,2.48,0.29, $0,"2 anos
2.48FPG "
Tyler Johnson,9.00,1.63,2.13,0.00,0.50,0.13,1.13,0.50,0.50,0.00,0.25,2.46,0.27," $4,500,000","1 anos
2.46FPG "
Jared Dudley,3.67,0.50,0.17,0.00,0.83,0.17,0.17,0.00,0.00,0.00,0.00,2.32,0.63,0,0
Vernon Carey Jr.,1.00,1.50,0.50,1.00,0.00,1.00,0.00,0.00,0.00,0.00,0.00,2.30,2.30, $0,"2 anos
2.30FPG "
Bruno Caboclo,6.67,2.83,2.83,0.33,1.83,0.50,0.17,0.67,0.00,0.33,1.00,2.28,0.34,0,0
Quinn Cook,3.69,1.85,1.46,0.38,0.31,0.00,0.31,0.15,0.08,0.00,0.08,2.22,0.60,0,0
Marques Bolden,6.00,1.40,0.60,1.20,0.60,0.60,0.00,0.40,0.40,0.40,0.00,2.20,0.37,0,0
Rodney McGruder,8.43,3.14,2.43,0.43,0.71,0.29,0.71,0.57,0.00,0.14,0.57,2.20,0.26,0,0
Dennis Smith Jr.,9.67,3.00,3.33,2.00,0.67,0.00,1.00,0.33,1.00,0.00,1.33,2.20,0.23," $4,500,000","1 anos
2.20FPG "
Robert Woodard II,3.33,2.17,1.67,0.33,1.00,0.33,0.17,0.17,0.00,0.00,0.00,2.17,0.65, $0,"2 anos
2.17FPG "
Amir Coffey,7.75,2.17,2.17,0.58,0.33,0.17,0.50,0.25,0.25,0.00,0.67,2.13,0.27,0,0
Chandler Hutchison,11.00,2.17,3.00,0.33,3.17,0.17,0.67,0.83,0.17,0.00,1.50,2.12,0.19," $2,000,000","2 anos
2.12FPG "
Aaron Nesmith,13.40,3.80,4.40,0.00,1.20,0.30,0.60,0.80,0.00,0.30,1.90,2.07,0.15," $2,000,000","4 anos
2.07FPG "
Shaquille Harrison,4.13,1.13,1.53,0.40,0.53,0.27,0.47,0.33,0.13,0.00,0.27,2.07,0.50,0,0
Vincent Poirier,5.00,1.00,0.75,1.00,0.50,0.50,0.25,0.25,0.00,0.50,0.25,2.00,0.40," $1,000,000","1 anos
2.00FPG "
KZ Okpala,13.83,2.75,2.58,0.50,1.33,0.33,0.50,0.67,0.25,0.17,1.58,1.93,0.14," $2,000,000","3 anos
1.93FPG "
Udoka Azubuike,4.92,0.92,0.62,0.46,0.69,0.38,0.00,0.38,0.08,0.31,0.77,1.88,0.38, $0,"2 anos
1.88FPG "
Justin James,7.29,1.86,2.14,1.00,0.71,0.29,0.43,0.00,0.14,0.14,0.14,1.83,0.25,0,0
Killian Hayes,21.29,4.57,6.57,0.29,1.00,0.14,3.57,2.43,0.29,0.00,2.14,1.80,0.08," $4,500,000","4 anos
1.80FPG "
Sean McDermott,13.67,2.33,2.33,0.67,0.33,0.67,1.00,1.00,0.00,0.00,0.33,1.73,0.13,0,0
Rodions Kurucs,4.45,1.09,1.09,0.18,0.55,0.09,0.27,0.27,0.18,0.18,0.36,1.64,0.37," $1,000,000","4 anos
1.64FPG "
Jarrell Brantley,3.33,1.50,1.17,0.00,0.33,0.17,0.00,0.17,0.00,0.17,0.67,1.60,0.48,0,0
Wenyen Gabriel,5.00,0.00,1.50,0.00,1.00,0.50,0.50,0.00,0.00,0.00,0.00,1.55,0.31,0,0
Zeke Nnaji,2.89,1.00,1.11,0.00,0.33,0.22,0.00,0.00,0.00,0.11,0.33,1.52,0.53," $1,000,000","4 anos
1.52FPG "
Adam Mokoka,8.80,2.20,2.80,0.00,0.60,0.20,0.80,0.40,0.40,0.20,1.00,1.50,0.17,0,0
Tre Jones,3.00,2.00,1.33,0.56,0.00,0.44,0.11,0.22,0.00,0.00,0.22,1.43,0.48," $1,000,000","2 anos
1.43FPG "
Mfiondu Kabengele,4.71,1.07,1.29,0.29,0.57,0.07,0.21,0.21,0.14,0.14,0.86,1.37,0.29, $0,"1 anos
1.37FPG "
Saben Lee,8.38,2.25,1.75,1.25,0.25,0.13,0.88,0.63,0.50,0.13,1.13,1.36,0.16,0,0
Maurice Harkless,12.25,1.50,1.25,0.25,1.00,0.00,0.63,0.25,0.25,0.25,1.38,1.36,0.11,0,0
Tyrell Terry,6.00,1.10,1.50,0.30,0.60,0.00,0.60,0.20,0.50,0.00,0.20,1.28,0.21," $1,000,000","4 anos
1.28FPG "
Bol Bol,5.82,1.36,1.36,0.18,0.64,0.00,0.18,0.45,0.00,0.36,0.64,1.23,0.21," $2,500,000","3 anos
1.23FPG "
Damian Jones,8.44,1.44,1.11,1.00,1.00,0.67,0.00,0.56,0.11,0.56,2.00,1.18,0.14," $1,000,000","1 anos
1.18FPG "
Jahmi'us Ramsey,4.25,1.25,1.00,0.00,1.00,0.00,0.25,0.25,0.00,0.25,0.00,1.18,0.28," $1,000,000","4 anos
1.18FPG "
Frank Jackson,6.14,1.57,2.29,0.00,0.71,0.00,1.14,0.57,0.14,0.00,0.57,1.17,0.19," $1,500,000","1 anos
1.17FPG "
Nick Richards,2.60,1.40,0.40,0.80,0.40,0.20,0.00,0.00,0.00,0.00,0.40,1.12,0.43,0,0
Luka Samanic,2.50,1.75,1.50,0.50,0.00,0.00,0.00,0.00,0.00,0.00,0.00,1.05,0.42,0,0
Kelan Martin,4.56,1.22,1.78,0.00,0.89,0.11,0.00,0.44,0.22,0.00,0.44,0.98,0.21,0,0
Vlatko Cancar,3.18,0.00,0.64,0.00,0.55,0.18,0.00,0.18,0.27,0.18,0.18,0.96,0.30,0,0
Luke Kornet,4.00,1.00,1.00,1.00,0.50,0.00,0.00,0.50,0.50,0.00,0.00,0.95,0.24," $1,000,000","1 anos
0.95FPG "
Sindarius Thornwell,7.44,1.11,1.44,0.22,0.33,0.11,0.22,0.11,0.56,0.00,0.56,0.86,0.11,0,0
Ignas Brazdeikis,2.00,0.50,0.25,0.50,0.25,0.25,0.25,0.25,0.00,0.00,0.00,0.85,0.43,0,0
Karim Mane,9.00,2.00,1.75,0.50,1.50,0.00,0.25,0.50,0.00,0.25,1.00,0.75,0.08,0,0
Cassius Stanley,3.25,1.13,0.88,0.63,0.13,0.25,0.00,0.13,0.00,0.25,0.88,0.64,0.20, $0,"2 anos
0.64FPG "
Keita Bates-Diop,2.50,0.33,0.83,0.33,0.17,0.00,0.33,0.00,0.00,0.00,0.00,0.47,0.19," $1,000,000","4 anos
0.47FPG "
Markus Howard,3.09,1.18,1.82,0.00,0.18,0.00,0.27,0.18,0.00,0.00,0.36,0.46,0.15,0,0
Ty-Shon Alexander,3.00,0.00,1.00,0.00,0.33,0.00,0.33,0.00,0.00,0.00,0.33,0.30,0.10,0,0
Deividas Sirvydis,1.00,0.00,1.00,0.00,0.00,0.00,0.00,0.00,0.00,0.00,0.00,0.10,0.10,0,0
Jalen Harris,2.00,0.00,0.00,0.00,0.00,0.50,0.00,0.50,0.00,0.00,1.00,0.05,0.03,0,0
Nate Hinton,3.17,1.33,2.00,0.33,0.00,0.00,0.00,0.33,0.17,0.17,0.17,0.02,0.01, $0,"2 anos
0.02FPG "
Anthony Gill,2.00,0.00,0.00,0.00,1.00,0.00,0.00,0.00,0.00,0.00,0.00,0.00,0.00,0,0
Terrance Ferguson,5.00,0.00,0.60,0.00,0.20,0.00,0.40,0.20,0.00,0.00,0.60,-0.22,-0.04,0,0
Norvel Pelle,17.00,2.00,4.00,0.00,2.00,3.00,0.00,3.00,0.00,3.00,6.00,-0.40,-0.02,0,0
Theo Pinson,2.71,0.29,0.86,0.00,0.14,0.00,0.00,0.00,0.00,0.00,0.29,-0.63,-0.23,0,0
Ashton Hagans,2.00,0.00,0.00,0.00,0.00,0.00,0.00,0.50,0.00,0.00,0.00,-1.55,-0.78,0,0
Anzejs Pasecniks,6.00,0.00,1.00,0.00,0.00,1.00,1.00,5.00,0.00,0.00,2.00,-4.60,-0.77,0,0
Zoran Dragic,0.00,0.00,0.00,0.00,0.00,0.00,0.00,0.00,0.00,0.00,0.00,0.00,0.00,0,0
Chris* Walker,0.00,0.00,0.00,0.00,0.00,0.00,0.00,0.00,0.00,0.00,0.00,0.00,0.00,0,0
Pick 58,0.00,0.00,0.00,0.00,0.00,0.00,0.00,0.00,0.00,0.00,0.00,0.00,0.00,0,0
Thomas Welsh,0.00,0.00,0.00,0.00,0.00,0.00,0.00,0.00,0.00,0.00,0.00,0.00,0.00,0,0
Dewan Hernandez,0.00,0.00,0.00,0.00,0.00,0.00,0.00,0.00,0.00,0.00,0.00,0.00,0.00,0,0
Sasha Pavlovic,0.00,0.00,0.00,0.00,0.00,0.00,0.00,0.00,0.00,0.00,0.00,0.00,0.00,0,0
Joakim Noah,0.00,0.00,0.00,0.00,0.00,0.00,0.00,0.00,0.00,0.00,0.00,0.00,0.00," $1,000,000","1 anos
0.00FPG "
Michael Redd,0.00,0.00,0.00,0.00,0.00,0.00,0.00,0.00,0.00,0.00,0.00,0.00,0.00,0,0
Steve Nash,0.00,0.00,0.00,0.00,0.00,0.00,0.00,0.00,0.00,0.00,0.00,0.00,0.00,0,0
Marreese Speights,0.00,0.00,0.00,0.00,0.00,0.00,0.00,0.00,0.00,0.00,0.00,0.00,0.00,0,0
Jeremy Pargo,0.00,0.00,0.00,0.00,0.00,0.00,0.00,0.00,0.00,0.00,0.00,0.00,0.00,0,0
Jamar Smith,0.00,0.00,0.00,0.00,0.00,0.00,0.00,0.00,0.00,0.00,0.00,0.00,0.00,0,0
Kadeem Allen,0.00,0.00,0.00,0.00,0.00,0.00,0.00,0.00,0.00,0.00,0.00,0.00,0.00,0,0
Alessandro* Gentile,0.00,0.00,0.00,0.00,0.00,0.00,0.00,0.00,0.00,0.00,0.00,0.00,0.00,0,0
Darko Milicic,0.00,0.00,0.00,0.00,0.00,0.00,0.00,0.00,0.00,0.00,0.00,0.00,0.00,0,0
Carl Landry,0.00,0.00,0.00,0.00,0.00,0.00,0.00,0.00,0.00,0.00,0.00,0.00,0.00,0,0
Jonathan Gibson,0.00,0.00,0.00,0.00,0.00,0.00,0.00,0.00,0.00,0.00,0.00,0.00,0.00,0,0
Robert Swift,0.00,0.00,0.00,0.00,0.00,0.00,0.00,0.00,0.00,0.00,0.00,0.00,0.00,0,0
Denham Brown,0.00,0.00,0.00,0.00,0.00,0.00,0.00,0.00,0.00,0.00,0.00,0.00,0.00,0,0
(Cap Hold Kyle O'Quinn - FDB),0.00,0.00,0.00,0.00,0.00,0.00,0.00,0.00,0.00,0.00,0.00,0.00,0.00,0,0
Rashad Jones-Jennings,0.00,0.00,0.00,0.00,0.00,0.00,0.00,0.00,0.00,0.00,0.00,0.00,0.00,0,0
James Blackmon,0.00,0.00,0.00,0.00,0.00,0.00,0.00,0.00,0.00,0.00,0.00,0.00,0.00,0,0
Phil Pressey,0.00,0.00,0.00,0.00,0.00,0.00,0.00,0.00,0.00,0.00,0.00,0.00,0.00,0,0
Lucas Mariano,0.00,0.00,0.00,0.00,0.00,0.00,0.00,0.00,0.00,0.00,0.00,0.00,0.00,0,0
Alessandro* Gentile,0.00,0.00,0.00,0.00,0.00,0.00,0.00,0.00,0.00,0.00,0.00,0.00,0.00,0,0
Anthony Parker,0.00,0.00,0.00,0.00,0.00,0.00,0.00,0.00,0.00,0.00,0.00,0.00,0.00,0,0
Jonathan â  Isaac,0.00,0.00,0.00,0.00,0.00,0.00,0.00,0.00,0.00,0.00,0.00,0.00,0.00,0,0
Isaia* Cordinier,0.00,0.00,0.00,0.00,0.00,0.00,0.00,0.00,0.00,0.00,0.00,0.00,0.00,0,0
Duje Dukan,0.00,0.00,0.00,0.00,0.00,0.00,0.00,0.00,0.00,0.00,0.00,0.00,0.00,0,0
Justin Reed,0.00,0.00,0.00,0.00,0.00,0.00,0.00,0.00,0.00,0.00,0.00,0.00,0.00,0,0
DeQuan Jones,0.00,0.00,0.00,0.00,0.00,0.00,0.00,0.00,0.00,0.00,0.00,0.00,0.00,0,0
Tyson Chandler,0.00,0.00,0.00,0.00,0.00,0.00,0.00,0.00,0.00,0.00,0.00,0.00,0.00,0,0
Sasha Kaun,0.00,0.00,0.00,0.00,0.00,0.00,0.00,0.00,0.00,0.00,0.00,0.00,0.00,0,0
Paul Delaney,0.00,0.00,0.00,0.00,0.00,0.00,0.00,0.00,0.00,0.00,0.00,0.00,0.00,0,0
Elijah Millsap,0.00,0.00,0.00,0.00,0.00,0.00,0.00,0.00,0.00,0.00,0.00,0.00,0.00,0,0
Edgar Sosa,0.00,0.00,0.00,0.00,0.00,0.00,0.00,0.00,0.00,0.00,0.00,0.00,0.00,0,0
Andre Roberson,0.00,0.00,0.00,0.00,0.00,0.00,0.00,0.00,0.00,0.00,0.00,0.00,0.00,0,0
DeAndre Liggins,0.00,0.00,0.00,0.00,0.00,0.00,0.00,0.00,0.00,0.00,0.00,0.00,0.00,0,0
Mardy Collins,0.00,0.00,0.00,0.00,0.00,0.00,0.00,0.00,0.00,0.00,0.00,0.00,0.00,0,0
Sergio Rodriguez,0.00,0.00,0.00,0.00,0.00,0.00,0.00,0.00,0.00,0.00,0.00,0.00,0.00,0,0
J.J. Hickson,0.00,0.00,0.00,0.00,0.00,0.00,0.00,0.00,0.00,0.00,0.00,0.00,0.00,0,0
Royce White,0.00,0.00,0.00,0.00,0.00,0.00,0.00,0.00,0.00,0.00,0.00,0.00,0.00,0,0
Stefan Markovic,0.00,0.00,0.00,0.00,0.00,0.00,0.00,0.00,0.00,0.00,0.00,0.00,0.00,0,0
Lucas Nogueira,0.00,0.00,0.00,0.00,0.00,0.00,0.00,0.00,0.00,0.00,0.00,0.00,0.00,0,0
Semaj Christon,0.00,0.00,0.00,0.00,0.00,0.00,0.00,0.00,0.00,0.00,0.00,0.00,0.00,0,0
Pick 15,0.00,0.00,0.00,0.00,0.00,0.00,0.00,0.00,0.00,0.00,0.00,0.00,0.00,0,0
Jake Wiley,0.00,0.00,0.00,0.00,0.00,0.00,0.00,0.00,0.00,0.00,0.00,0.00,0.00,0,0
(Salario Cabacio),0.00,0.00,0.00,0.00,0.00,0.00,0.00,0.00,0.00,0.00,0.00,0.00,0.00,0,0
nao eh o Oshea Brissett,0.00,0.00,0.00,0.00,0.00,0.00,0.00,0.00,0.00,0.00,0.00,0.00,0.00,0,0
Tarik Black,0.00,0.00,0.00,0.00,0.00,0.00,0.00,0.00,0.00,0.00,0.00,0.00,0.00,0,0
Dragan Bender,0.00,0.00,0.00,0.00,0.00,0.00,0.00,0.00,0.00,0.00,0.00,0.00,0.00," $1,000,000","1 anos
0.00FPG "
CJ Massinburg,0.00,0.00,0.00,0.00,0.00,0.00,0.00,0.00,0.00,0.00,0.00,0.00,0.00,0,0
(Cap Hold Michael Kidd-Gilchrist - FDB),0.00,0.00,0.00,0.00,0.00,0.00,0.00,0.00,0.00,0.00,0.00,0.00,0.00,0,0
(Cap Hold JR Smith - SML),0.00,0.00,0.00,0.00,0.00,0.00,0.00,0.00,0.00,0.00,0.00,0.00,0.00,0,0
